{
  "_format": "hh-sol-cache-2",
  "files": {
    "/Users/marwanaziz/BlockChain/Moralis/Hackathon/Brad/dev/Moralis-HK-Brad/packages/hardhat/contracts/VoteGovernorAlpha.sol": {
      "lastModificationDate": 1641092299005,
      "contentHash": "412ab3c3eddaecd368bd4fb09e4b59dc",
      "sourceName": "contracts/VoteGovernorAlpha.sol",
      "solcConfig": {
        "version": "0.8.4",
        "settings": {
          "optimizer": {
            "enabled": true,
            "runs": 200
          },
          "outputSelection": {
            "*": {
              "*": [
                "abi",
                "evm.bytecode",
                "evm.deployedBytecode",
                "evm.methodIdentifiers",
                "metadata",
                "devdoc",
                "userdoc",
                "storageLayout",
                "evm.gasEstimates"
              ],
              "": [
                "ast"
              ]
            }
          },
          "metadata": {
            "useLiteralContent": true
          }
        }
      },
      "imports": [],
      "versionPragmas": [
        "^0.8.2"
      ],
      "artifacts": [
        "VoteGovernorAlpha",
        "VoteTimelockInterface",
        "VoteTokenInterface"
      ]
    },
    "/Users/marwanaziz/BlockChain/Moralis/Hackathon/Brad/dev/Moralis-HK-Brad/packages/hardhat/contracts/VoteGovernorFactory.sol": {
      "lastModificationDate": 1641092361570,
      "contentHash": "3e84e2b48580d9d5c4b821fd86bc55ba",
      "sourceName": "contracts/VoteGovernorFactory.sol",
      "solcConfig": {
        "version": "0.8.4",
        "settings": {
          "optimizer": {
            "enabled": true,
            "runs": 200
          },
          "outputSelection": {
            "*": {
              "*": [
                "abi",
                "evm.bytecode",
                "evm.deployedBytecode",
                "evm.methodIdentifiers",
                "metadata",
                "devdoc",
                "userdoc",
                "storageLayout",
                "evm.gasEstimates"
              ],
              "": [
                "ast"
              ]
            }
          },
          "metadata": {
            "useLiteralContent": true
          }
        }
      },
      "imports": [
        "./VoteTimelock.sol",
        "./VoteGovernorAlpha.sol",
        "@openzeppelin/contracts/access/Ownable.sol"
      ],
      "versionPragmas": [
        "^0.8.2"
      ],
      "artifacts": [
        "VoteGovernorFactory"
      ]
    },
    "/Users/marwanaziz/BlockChain/Moralis/Hackathon/Brad/dev/Moralis-HK-Brad/packages/hardhat/contracts/VoteTimelock.sol": {
      "lastModificationDate": 1640654059556,
      "contentHash": "1c4b6783acc3595d52a5754c910902de",
      "sourceName": "contracts/VoteTimelock.sol",
      "solcConfig": {
        "version": "0.8.4",
        "settings": {
          "optimizer": {
            "enabled": true,
            "runs": 200
          },
          "outputSelection": {
            "*": {
              "*": [
                "abi",
                "evm.bytecode",
                "evm.deployedBytecode",
                "evm.methodIdentifiers",
                "metadata",
                "devdoc",
                "userdoc",
                "storageLayout",
                "evm.gasEstimates"
              ],
              "": [
                "ast"
              ]
            }
          },
          "metadata": {
            "useLiteralContent": true
          }
        }
      },
      "imports": [],
      "versionPragmas": [
        "^0.8.2"
      ],
      "artifacts": [
        "VoteTimelock"
      ]
    },
    "/Users/marwanaziz/BlockChain/Moralis/Hackathon/Brad/dev/Moralis-HK-Brad/packages/hardhat/node_modules/@openzeppelin/contracts/access/Ownable.sol": {
      "lastModificationDate": 1639838624569,
      "contentHash": "4fe56b59ced59d87df6b796758f62895",
      "sourceName": "@openzeppelin/contracts/access/Ownable.sol",
      "solcConfig": {
        "version": "0.8.4",
        "settings": {
          "optimizer": {
            "enabled": true,
            "runs": 200
          },
          "outputSelection": {
            "*": {
              "*": [
                "abi",
                "evm.bytecode",
                "evm.deployedBytecode",
                "evm.methodIdentifiers",
                "metadata",
                "devdoc",
                "userdoc",
                "storageLayout",
                "evm.gasEstimates"
              ],
              "": [
                "ast"
              ]
            }
          },
          "metadata": {
            "useLiteralContent": true
          }
        }
      },
      "imports": [
        "../utils/Context.sol"
      ],
      "versionPragmas": [
        "^0.8.0"
      ],
      "artifacts": [
        "Ownable"
      ]
    },
    "/Users/marwanaziz/BlockChain/Moralis/Hackathon/Brad/dev/Moralis-HK-Brad/packages/hardhat/node_modules/@openzeppelin/contracts/utils/Context.sol": {
      "lastModificationDate": 1639838624577,
      "contentHash": "851485d5b925529b1a2f34a0be077891",
      "sourceName": "@openzeppelin/contracts/utils/Context.sol",
      "solcConfig": {
        "version": "0.8.4",
        "settings": {
          "optimizer": {
            "enabled": true,
            "runs": 200
          },
          "outputSelection": {
            "*": {
              "*": [
                "abi",
                "evm.bytecode",
                "evm.deployedBytecode",
                "evm.methodIdentifiers",
                "metadata",
                "devdoc",
                "userdoc",
                "storageLayout",
                "evm.gasEstimates"
              ],
              "": [
                "ast"
              ]
            }
          },
          "metadata": {
            "useLiteralContent": true
          }
        }
      },
      "imports": [],
      "versionPragmas": [
        "^0.8.0"
      ],
      "artifacts": [
        "Context"
      ]
    },
    "/Users/marwanaziz/BlockChain/Moralis/Hackathon/Brad/dev/Moralis-HK-Brad/packages/hardhat/node_modules/@openzeppelin/contracts/token/ERC20/ERC20.sol": {
      "lastModificationDate": 1639838631437,
      "contentHash": "2cd550cedf51b8d294607dad5023d717",
      "sourceName": "@openzeppelin/contracts/token/ERC20/ERC20.sol",
      "solcConfig": {
        "version": "0.8.4",
        "settings": {
          "optimizer": {
            "enabled": true,
            "runs": 200
          },
          "outputSelection": {
            "*": {
              "*": [
                "abi",
                "evm.bytecode",
                "evm.deployedBytecode",
                "evm.methodIdentifiers",
                "metadata",
                "devdoc",
                "userdoc",
                "storageLayout",
                "evm.gasEstimates"
              ],
              "": [
                "ast"
              ]
            }
          },
          "metadata": {
            "useLiteralContent": true
          }
        }
      },
      "imports": [
        "./IERC20.sol",
        "./extensions/IERC20Metadata.sol",
        "../../utils/Context.sol"
      ],
      "versionPragmas": [
        "^0.8.0"
      ],
      "artifacts": [
        "ERC20"
      ]
    },
    "/Users/marwanaziz/BlockChain/Moralis/Hackathon/Brad/dev/Moralis-HK-Brad/packages/hardhat/node_modules/@openzeppelin/contracts/token/ERC20/IERC20.sol": {
      "lastModificationDate": 1639838631438,
      "contentHash": "0eac3e1a83ee62326ca007811285b274",
      "sourceName": "@openzeppelin/contracts/token/ERC20/IERC20.sol",
      "solcConfig": {
        "version": "0.8.4",
        "settings": {
          "optimizer": {
            "enabled": true,
            "runs": 200
          },
          "outputSelection": {
            "*": {
              "*": [
                "abi",
                "evm.bytecode",
                "evm.deployedBytecode",
                "evm.methodIdentifiers",
                "metadata",
                "devdoc",
                "userdoc",
                "storageLayout",
                "evm.gasEstimates"
              ],
              "": [
                "ast"
              ]
            }
          },
          "metadata": {
            "useLiteralContent": true
          }
        }
      },
      "imports": [],
      "versionPragmas": [
        "^0.8.0"
      ],
      "artifacts": [
        "IERC20"
      ]
    },
    "/Users/marwanaziz/BlockChain/Moralis/Hackathon/Brad/dev/Moralis-HK-Brad/packages/hardhat/node_modules/@openzeppelin/contracts/token/ERC20/extensions/IERC20Metadata.sol": {
      "lastModificationDate": 1639838634853,
      "contentHash": "aa1be06992a99bb7393b26a6af3c4dfb",
      "sourceName": "@openzeppelin/contracts/token/ERC20/extensions/IERC20Metadata.sol",
      "solcConfig": {
        "version": "0.8.4",
        "settings": {
          "optimizer": {
            "enabled": true,
            "runs": 200
          },
          "outputSelection": {
            "*": {
              "*": [
                "abi",
                "evm.bytecode",
                "evm.deployedBytecode",
                "evm.methodIdentifiers",
                "metadata",
                "devdoc",
                "userdoc",
                "storageLayout",
                "evm.gasEstimates"
              ],
              "": [
                "ast"
              ]
            }
          },
          "metadata": {
            "useLiteralContent": true
          }
        }
      },
      "imports": [
        "../IERC20.sol"
      ],
      "versionPragmas": [
        "^0.8.0"
      ],
      "artifacts": [
        "IERC20Metadata"
      ]
    },
    "/Users/marwanaziz/BlockChain/Moralis/Hackathon/Brad/dev/Moralis-HK-Brad/packages/hardhat/node_modules/@openzeppelin/contracts/token/ERC20/extensions/draft-ERC20Permit.sol": {
      "lastModificationDate": 1639838634853,
      "contentHash": "6e6e1b4929e8a364cbfa97be4e3ef410",
      "sourceName": "@openzeppelin/contracts/token/ERC20/extensions/draft-ERC20Permit.sol",
      "solcConfig": {
        "version": "0.8.4",
        "settings": {
          "optimizer": {
            "enabled": true,
            "runs": 200
          },
          "outputSelection": {
            "*": {
              "*": [
                "abi",
                "evm.bytecode",
                "evm.deployedBytecode",
                "evm.methodIdentifiers",
                "metadata",
                "devdoc",
                "userdoc",
                "storageLayout",
                "evm.gasEstimates"
              ],
              "": [
                "ast"
              ]
            }
          },
          "metadata": {
            "useLiteralContent": true
          }
        }
      },
      "imports": [
        "./draft-IERC20Permit.sol",
        "../ERC20.sol",
        "../../../utils/cryptography/draft-EIP712.sol",
        "../../../utils/cryptography/ECDSA.sol",
        "../../../utils/Counters.sol"
      ],
      "versionPragmas": [
        "^0.8.0"
      ],
      "artifacts": [
        "ERC20Permit"
      ]
    },
    "/Users/marwanaziz/BlockChain/Moralis/Hackathon/Brad/dev/Moralis-HK-Brad/packages/hardhat/node_modules/@openzeppelin/contracts/token/ERC20/extensions/draft-IERC20Permit.sol": {
      "lastModificationDate": 1639838634853,
      "contentHash": "0266cd0875ab6ce1b05e87cce62120c0",
      "sourceName": "@openzeppelin/contracts/token/ERC20/extensions/draft-IERC20Permit.sol",
      "solcConfig": {
        "version": "0.8.4",
        "settings": {
          "optimizer": {
            "enabled": true,
            "runs": 200
          },
          "outputSelection": {
            "*": {
              "*": [
                "abi",
                "evm.bytecode",
                "evm.deployedBytecode",
                "evm.methodIdentifiers",
                "metadata",
                "devdoc",
                "userdoc",
                "storageLayout",
                "evm.gasEstimates"
              ],
              "": [
                "ast"
              ]
            }
          },
          "metadata": {
            "useLiteralContent": true
          }
        }
      },
      "imports": [],
      "versionPragmas": [
        "^0.8.0"
      ],
      "artifacts": [
        "IERC20Permit"
      ]
    },
    "/Users/marwanaziz/BlockChain/Moralis/Hackathon/Brad/dev/Moralis-HK-Brad/packages/hardhat/node_modules/@openzeppelin/contracts/utils/cryptography/draft-EIP712.sol": {
      "lastModificationDate": 1639838631463,
      "contentHash": "549712dc273f006b866af22f6fb3cadc",
      "sourceName": "@openzeppelin/contracts/utils/cryptography/draft-EIP712.sol",
      "solcConfig": {
        "version": "0.8.4",
        "settings": {
          "optimizer": {
            "enabled": true,
            "runs": 200
          },
          "outputSelection": {
            "*": {
              "*": [
                "abi",
                "evm.bytecode",
                "evm.deployedBytecode",
                "evm.methodIdentifiers",
                "metadata",
                "devdoc",
                "userdoc",
                "storageLayout",
                "evm.gasEstimates"
              ],
              "": [
                "ast"
              ]
            }
          },
          "metadata": {
            "useLiteralContent": true
          }
        }
      },
      "imports": [
        "./ECDSA.sol"
      ],
      "versionPragmas": [
        "^0.8.0"
      ],
      "artifacts": [
        "EIP712"
      ]
    },
    "/Users/marwanaziz/BlockChain/Moralis/Hackathon/Brad/dev/Moralis-HK-Brad/packages/hardhat/node_modules/@openzeppelin/contracts/utils/cryptography/ECDSA.sol": {
      "lastModificationDate": 1639838631461,
      "contentHash": "197dbfaf7146845fa76331a4c9980e9f",
      "sourceName": "@openzeppelin/contracts/utils/cryptography/ECDSA.sol",
      "solcConfig": {
        "version": "0.8.4",
        "settings": {
          "optimizer": {
            "enabled": true,
            "runs": 200
          },
          "outputSelection": {
            "*": {
              "*": [
                "abi",
                "evm.bytecode",
                "evm.deployedBytecode",
                "evm.methodIdentifiers",
                "metadata",
                "devdoc",
                "userdoc",
                "storageLayout",
                "evm.gasEstimates"
              ],
              "": [
                "ast"
              ]
            }
          },
          "metadata": {
            "useLiteralContent": true
          }
        }
      },
      "imports": [],
      "versionPragmas": [
        "^0.8.0"
      ],
      "artifacts": [
        "ECDSA"
      ]
    },
    "/Users/marwanaziz/BlockChain/Moralis/Hackathon/Brad/dev/Moralis-HK-Brad/packages/hardhat/node_modules/@openzeppelin/contracts/utils/Counters.sol": {
      "lastModificationDate": 1639838624577,
      "contentHash": "b7811964d33f23b2d45ed3ebb76a4548",
      "sourceName": "@openzeppelin/contracts/utils/Counters.sol",
      "solcConfig": {
        "version": "0.8.4",
        "settings": {
          "optimizer": {
            "enabled": true,
            "runs": 200
          },
          "outputSelection": {
            "*": {
              "*": [
                "abi",
                "evm.bytecode",
                "evm.deployedBytecode",
                "evm.methodIdentifiers",
                "metadata",
                "devdoc",
                "userdoc",
                "storageLayout",
                "evm.gasEstimates"
              ],
              "": [
                "ast"
              ]
            }
          },
          "metadata": {
            "useLiteralContent": true
          }
        }
      },
      "imports": [],
      "versionPragmas": [
        "^0.8.0"
      ],
      "artifacts": [
        "Counters"
      ]
    },
    "/Users/marwanaziz/BlockChain/Moralis/Hackathon/Brad/dev/Moralis-HK-Brad/packages/hardhat/node_modules/@openzeppelin/contracts/token/ERC20/extensions/ERC20Votes.sol": {
      "lastModificationDate": 1639838634852,
      "contentHash": "12740705b7cfca947ece1a76662e808f",
      "sourceName": "@openzeppelin/contracts/token/ERC20/extensions/ERC20Votes.sol",
      "solcConfig": {
        "version": "0.8.4",
        "settings": {
          "optimizer": {
            "enabled": true,
            "runs": 200
          },
          "outputSelection": {
            "*": {
              "*": [
                "abi",
                "evm.bytecode",
                "evm.deployedBytecode",
                "evm.methodIdentifiers",
                "metadata",
                "devdoc",
                "userdoc",
                "storageLayout",
                "evm.gasEstimates"
              ],
              "": [
                "ast"
              ]
            }
          },
          "metadata": {
            "useLiteralContent": true
          }
        }
      },
      "imports": [
        "./draft-ERC20Permit.sol",
        "../../../utils/math/Math.sol",
        "../../../utils/math/SafeCast.sol",
        "../../../utils/cryptography/ECDSA.sol"
      ],
      "versionPragmas": [
        "^0.8.0"
      ],
      "artifacts": [
        "ERC20Votes"
      ]
    },
    "/Users/marwanaziz/BlockChain/Moralis/Hackathon/Brad/dev/Moralis-HK-Brad/packages/hardhat/node_modules/@openzeppelin/contracts/utils/math/Math.sol": {
      "lastModificationDate": 1639838631464,
      "contentHash": "4e138d2b21c8844ab1799e37d232fb5e",
      "sourceName": "@openzeppelin/contracts/utils/math/Math.sol",
      "solcConfig": {
        "version": "0.8.4",
        "settings": {
          "optimizer": {
            "enabled": true,
            "runs": 200
          },
          "outputSelection": {
            "*": {
              "*": [
                "abi",
                "evm.bytecode",
                "evm.deployedBytecode",
                "evm.methodIdentifiers",
                "metadata",
                "devdoc",
                "userdoc",
                "storageLayout",
                "evm.gasEstimates"
              ],
              "": [
                "ast"
              ]
            }
          },
          "metadata": {
            "useLiteralContent": true
          }
        }
      },
      "imports": [],
      "versionPragmas": [
        "^0.8.0"
      ],
      "artifacts": [
        "Math"
      ]
    },
    "/Users/marwanaziz/BlockChain/Moralis/Hackathon/Brad/dev/Moralis-HK-Brad/packages/hardhat/node_modules/@openzeppelin/contracts/utils/math/SafeCast.sol": {
      "lastModificationDate": 1639838631463,
      "contentHash": "b8980ba70f1a32dd81c98fda7e3aac07",
      "sourceName": "@openzeppelin/contracts/utils/math/SafeCast.sol",
      "solcConfig": {
        "version": "0.8.4",
        "settings": {
          "optimizer": {
            "enabled": true,
            "runs": 200
          },
          "outputSelection": {
            "*": {
              "*": [
                "abi",
                "evm.bytecode",
                "evm.deployedBytecode",
                "evm.methodIdentifiers",
                "metadata",
                "devdoc",
                "userdoc",
                "storageLayout",
                "evm.gasEstimates"
              ],
              "": [
                "ast"
              ]
            }
          },
          "metadata": {
            "useLiteralContent": true
          }
        }
      },
      "imports": [],
      "versionPragmas": [
        "^0.8.0"
      ],
      "artifacts": [
        "SafeCast"
      ]
    },
    "/Users/marwanaziz/BlockChain/Moralis/Hackathon/Brad/dev/Moralis-HK-Brad/packages/hardhat/node_modules/@openzeppelin/contracts/token/ERC20/extensions/ERC20VotesComp.sol": {
      "lastModificationDate": 1639838634852,
      "contentHash": "e48d37d5a40aca9a708443e3dd1b4c03",
      "sourceName": "@openzeppelin/contracts/token/ERC20/extensions/ERC20VotesComp.sol",
      "solcConfig": {
        "version": "0.8.4",
        "settings": {
          "optimizer": {
            "enabled": true,
            "runs": 200
          },
          "outputSelection": {
            "*": {
              "*": [
                "abi",
                "evm.bytecode",
                "evm.deployedBytecode",
                "evm.methodIdentifiers",
                "metadata",
                "devdoc",
                "userdoc",
                "storageLayout",
                "evm.gasEstimates"
              ],
              "": [
                "ast"
              ]
            }
          },
          "metadata": {
            "useLiteralContent": true
          }
        }
      },
      "imports": [
        "./ERC20Votes.sol"
      ],
      "versionPragmas": [
        "^0.8.0"
      ],
      "artifacts": [
        "ERC20VotesComp"
      ]
    },
    "/Users/marwanaziz/BlockChain/Moralis/Hackathon/Brad/dev/Moralis-HK-Brad/packages/hardhat/contracts/VoteToken.sol": {
      "lastModificationDate": 1641138357081,
      "contentHash": "07d699fa03329c57ca5dd89433ae2a95",
      "sourceName": "contracts/VoteToken.sol",
      "solcConfig": {
        "version": "0.8.4",
        "settings": {
          "optimizer": {
            "enabled": true,
            "runs": 200
          },
          "outputSelection": {
            "*": {
              "*": [
                "abi",
                "evm.bytecode",
                "evm.deployedBytecode",
                "evm.methodIdentifiers",
                "metadata",
                "devdoc",
                "userdoc",
                "storageLayout",
                "evm.gasEstimates"
              ],
              "": [
                "ast"
              ]
            }
          },
          "metadata": {
            "useLiteralContent": true
          }
        }
      },
      "imports": [
        "@openzeppelin/contracts/token/ERC20/extensions/ERC20VotesComp.sol"
      ],
      "versionPragmas": [
        "^0.8.2"
      ],
      "artifacts": [
        "VoteToken"
      ]
    },
    "/Users/marwanaziz/BlockChain/Moralis/Hackathon/Brad/dev/Moralis-HK-Brad/packages/hardhat/contracts/YourContract.sol": {
      "lastModificationDate": 1639838584419,
      "contentHash": "5a4a30d0a37ca863ac187525988b415b",
      "sourceName": "contracts/YourContract.sol",
      "solcConfig": {
        "version": "0.8.4",
        "settings": {
          "optimizer": {
            "enabled": true,
            "runs": 200
          },
          "outputSelection": {
            "*": {
              "*": [
                "abi",
                "evm.bytecode",
                "evm.deployedBytecode",
                "evm.methodIdentifiers",
                "metadata",
                "devdoc",
                "userdoc",
                "storageLayout",
                "evm.gasEstimates"
              ],
              "": [
                "ast"
              ]
            }
          },
          "metadata": {
            "useLiteralContent": true
          }
        }
      },
      "imports": [
        "hardhat/console.sol"
      ],
      "versionPragmas": [
        ">=0.8.0 <0.9.0"
      ],
      "artifacts": [
        "YourContract"
      ]
    },
    "/Users/marwanaziz/BlockChain/Moralis/Hackathon/Brad/dev/Moralis-HK-Brad/packages/hardhat/node_modules/hardhat/console.sol": {
      "lastModificationDate": 1639838619550,
      "contentHash": "cc4777addd464ea56fa35b1c45df0591",
      "sourceName": "hardhat/console.sol",
      "solcConfig": {
        "version": "0.8.4",
        "settings": {
          "optimizer": {
            "enabled": true,
            "runs": 200
          },
          "outputSelection": {
            "*": {
              "*": [
                "abi",
                "evm.bytecode",
                "evm.deployedBytecode",
                "evm.methodIdentifiers",
                "metadata",
                "devdoc",
                "userdoc",
                "storageLayout",
                "evm.gasEstimates"
              ],
              "": [
                "ast"
              ]
            }
          },
          "metadata": {
            "useLiteralContent": true
          }
        }
      },
      "imports": [],
      "versionPragmas": [
        ">=0.4.22 <0.9.0"
      ],
      "artifacts": [
        "console"
      ]
    }
  }
}
